{
  "name": "babel",
  "main": "browser.js",
  "license": "MIT",
  "keywords": [
    "babel",
    "javascript",
    "browser",
    "library"
  ],
  "homepage": "https://github.com/zce/babel",
  "authors": [
    "iceStone <ice@micua.com>"
  ],
  "description": "A package of babel-core browser lib in bower",
  "ignore": [
    "**/.*",
    "node_modules",
    "bower_components",
    "test",
    "tests"
  ],
  "version": "5.8.38",
  "_release": "5.8.38",
  "_resolution": {
    "type": "version",
    "tag": "v5.8.38",
    "commit": "f3e7719fcfb75c941689143b905a30482abf031b"
  },
  "_source": "https://github.com/Micua/babel.git",
  "_target": "^5.8.38",
  "_originalSource": "babel",
  "_direct": true
}